Sales Rep,Sales
Jimmy Grey,985969993.944742
Abigail Thompson,981056993.864903
Sheila Stones,958203898.244147
Daniel Gates,950658635.185934
Anne Wu,920168301.173581
Morris Garcia,901195482.5
Stella Given,888340902.41899
Jessica Smith,881698369.002429
Steve Pepple,875449982.57143
Mary Gerrard,875270762.91093
Erica Jones,871372192.0
Thompson Crawford,866964886.178331
Alan Ray,842637242.2
