Manager,Sales
Britanny Bold,3635341331.331087
Alisha Cordwell,2824969531.549666
Tracy Banks,2757702458.936333
James Goodwill,2580974320.378331
