Year,Sales,YoY_Growth_%
2017,2701480740.81559,
2018,3506897353.6,29.813894306766397
2019,2930937132.779827,-16.42364069278851
2020,2659672415.0,-9.255221299221382
