Channel,Sales
Pharmacy,6218312138.686664
Hospital,5580675503.508753
